<?xml version="1.0"?>
<doc>
    <assembly>
        <name>HttpWebAdapters</name>
    </assembly>
    <members>
        <member name="T:HttpWebAdapters.BasicAuthHttpWebRequestFactory">
            <summary>
            Creates a web request that does basic auth
            </summary>
        </member>
        <member name="M:HttpWebAdapters.BasicAuthHttpWebRequestFactory.#ctor(System.String,System.String)">
            <summary>
            Creates a web request that does basic auth
            </summary>
            <param name="username">HTTP username</param>
            <param name="password">HTTP password</param>
        </member>
        <member name="M:HttpWebAdapters.IHttpWebRequest.GetRequestStream">
             <summary>
             Gets a <see cref="T:System.IO.Stream"></see> object to use to write request data.
             </summary>
            
             <returns>
             A <see cref="T:System.IO.Stream"></see> to use to write request data.
             </returns>
            
             <exception cref="T:System.InvalidOperationException">The <see cref="M:HttpWebAdapters.IHttpWebRequest.GetRequestStream"></see> method is called more than once.-or- <see cref="P:HttpWebAdapters.IHttpWebRequest.TransferEncoding"></see> is set to a value and <see cref="P:HttpWebAdapters.IHttpWebRequest.SendChunked"></see> is false. </exception>
             <exception cref="T:System.ObjectDisposedException">In a .NET Compact Framework application, a request stream with zero content length was not obtained and closed correctly. For more information about handling zero content length requests, see Network Programming in the .NET Compact Framework.</exception>
             <exception cref="T:System.Net.WebException"><see cref="M:HttpWebAdapters.IHttpWebRequest.Abort"></see> was previously called.-or- The time-out period for the request expired.-or- An error occurred while processing the request. </exception>
             <exception cref="T:System.NotSupportedException">The request cache validator indicated that the response for this request can be served from the cache; however, requests that write data must not use the cache. This exception can occur if you are using a custom cache validator that is incorrectly implemented. </exception>
             <exception cref="T:System.Net.ProtocolViolationException">The <see cref="P:HttpWebAdapters.IHttpWebRequest.Method"></see> property is GET or HEAD.-or- <see cref="P:HttpWebAdapters.IHttpWebRequest.KeepAlive"></see> is true, <see cref="P:HttpWebAdapters.IHttpWebRequest.AllowWriteStreamBuffering"></see> is false, <see cref="P:HttpWebAdapters.IHttpWebRequest.ContentLength"></see> is -1, <see cref="P:HttpWebAdapters.IHttpWebRequest.SendChunked"></see> is false, and <see cref="P:HttpWebAdapters.IHttpWebRequest.Method"></see> is POST or PUT. </exception>
        </member>
        <member name="M:HttpWebAdapters.IHttpWebRequest.Abort">
            <summary>
            Cancels a request to an Internet resource.
            </summary>
        </member>
        <member name="M:HttpWebAdapters.IHttpWebRequest.AddRange(System.Int32,System.Int32)">
             <summary>
             Adds a byte range header to the request for a specified range.
             </summary>
            
             <param name="to">The position at which to stop sending data. </param>
             <param name="from">The position at which to start sending data. </param>
             <exception cref="T:System.ArgumentException">rangeSpecifier is invalid. </exception>
             <exception cref="T:System.ArgumentOutOfRangeException">from is greater than to-or- from or to is less than 0. </exception>
             <exception cref="T:System.InvalidOperationException">The range header could not be added. </exception>
        </member>
        <member name="M:HttpWebAdapters.IHttpWebRequest.AddRange(System.Int32)">
             <summary>
             Adds a byte range header to a request for a specific range from the beginning or end of the requested data.
             </summary>
            
             <param name="range">The starting or ending point of the range. </param>
             <exception cref="T:System.ArgumentException">rangeSpecifier is invalid. </exception>
             <exception cref="T:System.InvalidOperationException">The range header could not be added. </exception>
        </member>
        <member name="M:HttpWebAdapters.IHttpWebRequest.AddRange(System.String,System.Int32,System.Int32)">
             <summary>
             Adds a range header to a request for a specified range.
             </summary>
            
             <param name="from">The position at which to start sending data. </param>
             <param name="to">The position at which to stop sending data. </param>
             <param name="rangeSpecifier">The description of the range. </param>
             <exception cref="T:System.ArgumentException">rangeSpecifier is invalid. </exception>
             <exception cref="T:System.ArgumentNullException">rangeSpecifier is null. </exception>
             <exception cref="T:System.ArgumentOutOfRangeException">from is greater than to-or- from or to is less than 0. </exception>
             <exception cref="T:System.InvalidOperationException">The range header could not be added. </exception>
        </member>
        <member name="M:HttpWebAdapters.IHttpWebRequest.AddRange(System.String,System.Int32)">
             <summary>
             Adds a range header to a request for a specific range from the beginning or end of the requested data.
             </summary>
            
             <param name="range">The starting or ending point of the range. </param>
             <param name="rangeSpecifier">The description of the range. </param>
             <exception cref="T:System.ArgumentException">rangeSpecifier is invalid. </exception>
             <exception cref="T:System.ArgumentNullException">rangeSpecifier is null. </exception>
             <exception cref="T:System.InvalidOperationException">The range header could not be added. </exception>
        </member>
        <member name="P:HttpWebAdapters.IHttpWebRequest.AllowAutoRedirect">
             <summary>
             Gets or sets a value that indicates whether the request should follow redirection responses.
             </summary>
            
             <returns>
             true if the request should automatically follow redirection responses from the Internet resource; otherwise, false. The default value is true.
             </returns>
            
        </member>
        <member name="P:HttpWebAdapters.IHttpWebRequest.AllowWriteStreamBuffering">
             <summary>
             Gets or sets a value that indicates whether to buffer the data sent to the Internet resource.
             </summary>
            
             <returns>
             true to enable buffering of the data sent to the Internet resource; false to disable buffering. The default is true.
             </returns>
            
        </member>
        <member name="P:HttpWebAdapters.IHttpWebRequest.HaveResponse">
             <summary>
             Gets a value that indicates whether a response has been received from an Internet resource.
             </summary>
            
             <returns>
             true if a response has been received; otherwise, false.
             </returns>
            
        </member>
        <member name="P:HttpWebAdapters.IHttpWebRequest.KeepAlive">
             <summary>
             Gets or sets a value that indicates whether to make a persistent connection to the Internet resource.
             </summary>
            
             <returns>
            true if the request to the Internet resource should contain a Connection HTTP header with the value Keep-alive; otherwise, false. The default is true.
             </returns>
            
        </member>
        <member name="P:HttpWebAdapters.IHttpWebRequest.Pipelined">
             <summary>
            Gets or sets a value that indicates whether to pipeline the request to the Internet resource.
             </summary>
            
             <returns>
            true if the request should be pipelined; otherwise, false. The default is true.
             </returns>
            
        </member>
        <member name="P:HttpWebAdapters.IHttpWebRequest.PreAuthenticate">
             <summary>
            Gets or sets a value that indicates whether to send an authenticate header with the request.
             </summary>
            
             <returns>
            true to send a WWW-authenticate HTTP header with requests after authentication has taken place; otherwise, false. The default is false.
             </returns>
            
        </member>
        <member name="P:HttpWebAdapters.IHttpWebRequest.UnsafeAuthenticatedConnectionSharing">
             <summary>
            Gets or sets a value that indicates whether to allow high-speed NTLM-authenticated connection sharing.
             </summary>
            
             <returns>
            true to keep the authenticated connection open; otherwise, false.
             </returns>
             <PermissionSet><IPermission class="System.Net.WebPermission, System, Version=2.0.3600.0, Culture=neutral, PublicKeyToken=b77a5c561934e089" version="1" Unrestricted="true" /></PermissionSet>
        </member>
        <member name="P:HttpWebAdapters.IHttpWebRequest.SendChunked">
             <summary>
            Gets or sets a value that indicates whether to send data in segments to the Internet resource.
             </summary>
            
             <returns>
            true to send data to the Internet resource in segments; otherwise, false. The default value is false.
             </returns>
            
             <exception cref="T:System.InvalidOperationException">The request has been started by calling the <see cref="M:System.Net.HttpWebRequest.GetRequestStream"></see>, <see cref="M:System.Net.HttpWebRequest.BeginGetRequestStream(System.AsyncCallback,System.Object)"></see>, <see cref="M:System.Net.HttpWebRequest.GetResponse"></see>, or <see cref="M:System.Net.HttpWebRequest.BeginGetResponse(System.AsyncCallback,System.Object)"></see> method. </exception>
        </member>
        <member name="P:HttpWebAdapters.IHttpWebRequest.AutomaticDecompression">
             <summary>
            Gets or sets the type of decompression that is used.
             </summary>
            
             <returns>
            A T:System.Net.DecompressionMethods object that indicates the type of decompression that is used. 
             </returns>
            
             <exception cref="T:System.InvalidOperationException">The object's current state does not allow this property to be set.</exception>
        </member>
        <member name="P:HttpWebAdapters.IHttpWebRequest.MaximumResponseHeadersLength">
             <summary>
            Gets or sets the maximum allowed length of the response headers.
             </summary>
            
             <returns>
            The length, in kilobytes (1024 bytes), of the response headers.
             </returns>
            
             <exception cref="T:System.InvalidOperationException">The property is set after the request has already been submitted. </exception>
             <exception cref="T:System.ArgumentOutOfRangeException">The value is less than 0 and is not equal to -1. </exception>
        </member>
        <member name="P:HttpWebAdapters.IHttpWebRequest.ClientCertificates">
             <summary>
            Gets or sets the collection of security certificates that are associated with this request.
             </summary>
            
             <returns>
            The <see cref="T:System.Security.Cryptography.X509Certificates.X509CertificateCollection"></see> that contains the security certificates associated with this request.
             </returns>
            
             <exception cref="T:System.ArgumentNullException">The value specified for a set operation is null. </exception>
        </member>
        <member name="P:HttpWebAdapters.IHttpWebRequest.CookieContainer">
             <summary>
            Gets or sets the cookies associated with the request.
             </summary>
            
             <returns>
            A <see cref="T:System.Net.CookieContainer"></see> that contains the cookies associated with this request.
             </returns>
            
        </member>
        <member name="P:HttpWebAdapters.IHttpWebRequest.RequestUri">
             <summary>
            Gets the original Uniform Resource Identifier (URI) of the request.
             </summary>
            
             <returns>
            A <see cref="T:System.Uri"></see> that contains the URI of the Internet resource passed to the <see cref="M:System.Net.WebRequest.Create(System.String)"></see> method.
             </returns>
            
        </member>
        <member name="P:HttpWebAdapters.IHttpWebRequest.ContentLength">
             <summary>
            Gets or sets the Content-length HTTP header.
             </summary>
            
             <returns>
            The number of bytes of data to send to the Internet resource. The default is -1, which indicates the property has not been set and that there is no request data to send.
             </returns>
            
             <exception cref="T:System.ArgumentOutOfRangeException">The new <see cref="P:System.Net.HttpWebRequest.ContentLength"></see> value is less than 0. </exception>
             <exception cref="T:System.InvalidOperationException">The request has been started by calling the <see cref="M:System.Net.HttpWebRequest.GetRequestStream"></see>, <see cref="M:System.Net.HttpWebRequest.BeginGetRequestStream(System.AsyncCallback,System.Object)"></see>, <see cref="M:System.Net.HttpWebRequest.GetResponse"></see>, or <see cref="M:System.Net.HttpWebRequest.BeginGetResponse(System.AsyncCallback,System.Object)"></see> method. </exception>
        </member>
        <member name="P:HttpWebAdapters.IHttpWebRequest.Timeout">
             <summary>
            Gets or sets the time-out value for the <see cref="M:System.Net.HttpWebRequest.GetResponse"></see> and <see cref="M:System.Net.HttpWebRequest.GetRequestStream"></see> methods.
             </summary>
            
             <returns>
            The number of milliseconds to wait before the request times out. The default is 100,000 milliseconds (100 seconds).
             </returns>
            
             <exception cref="T:System.ArgumentOutOfRangeException">The value specified is less than zero and is not <see cref="F:System.Threading.Timeout.Infinite"></see>.</exception>
        </member>
        <member name="P:HttpWebAdapters.IHttpWebRequest.ReadWriteTimeout">
             <summary>
            Gets or sets a time-out when writing to or reading from a stream.
             </summary>
            
             <returns>
            The number of milliseconds before the writing or reading times out. The default value is 300,000 milliseconds (5 minutes).
             </returns>
            
             <exception cref="T:System.ArgumentOutOfRangeException">The value specified for a set operation is less than or equal to zero and is not equal to <see cref="F:System.Threading.Timeout.Infinite"></see></exception>
             <exception cref="T:System.InvalidOperationException">The request has already been sent. </exception>
        </member>
        <member name="P:HttpWebAdapters.IHttpWebRequest.Address">
             <summary>
            Gets the Uniform Resource Identifier (URI) of the Internet resource that actually responds to the request.
             </summary>
            
             <returns>
            A <see cref="T:System.Uri"></see> that identifies the Internet resource that actually responds to the request. The default is the URI used by the <see cref="M:System.Net.WebRequest.Create(System.String)"></see> method to initialize the request.
             </returns>
            
        </member>
        <member name="P:HttpWebAdapters.IHttpWebRequest.ServicePoint">
             <summary>
            Gets the service point to use for the request.
             </summary>
            
             <returns>
            A <see cref="T:System.Net.ServicePoint"></see> that represents the network connection to the Internet resource.
             </returns>
             <PermissionSet><IPermission class="System.Security.Permissions.EnvironmentPermission, mscorlib, Version=2.0.3600.0, Culture=neutral, PublicKeyToken=b77a5c561934e089" version="1" Unrestricted="true" /><IPermission class="System.Security.Permissions.FileIOPermission, mscorlib, Version=2.0.3600.0, Culture=neutral, PublicKeyToken=b77a5c561934e089" version="1" Unrestricted="true" /><IPermission class="System.Security.Permissions.SecurityPermission, mscorlib, Version=2.0.3600.0, Culture=neutral, PublicKeyToken=b77a5c561934e089" version="1" Flags="UnmanagedCode, ControlEvidence" /></PermissionSet>
        </member>
        <member name="P:HttpWebAdapters.IHttpWebRequest.MaximumAutomaticRedirections">
             <summary>
            Gets or sets the maximum number of redirects that the request follows.
             </summary>
            
             <returns>
            The maximum number of redirection responses that the request follows. The default value is 50.
             </returns>
            
             <exception cref="T:System.ArgumentException">The value is set to 0 or less. </exception>
        </member>
        <member name="P:HttpWebAdapters.IHttpWebRequest.Credentials">
             <summary>
            Gets or sets authentication information for the request.
             </summary>
            
             <returns>
            An <see cref="T:System.Net.ICredentials"></see> that contains the authentication credentials associated with the request. The default is null.
             </returns>
             <PermissionSet><IPermission class="System.Security.Permissions.SecurityPermission, mscorlib, Version=2.0.3600.0, Culture=neutral, PublicKeyToken=b77a5c561934e089" version="1" Flags="UnmanagedCode, ControlEvidence" /></PermissionSet>
        </member>
        <member name="P:HttpWebAdapters.IHttpWebRequest.UseDefaultCredentials">
             <summary>
            Gets or sets a <see cref="T:System.Boolean"></see> value that controls whether default credentials are sent with requests.
             </summary>
            
             <returns>
            true if the default credentials are used; otherwise false. The default value is false.
             </returns>
            
             <exception cref="T:System.InvalidOperationException">You attempted to set this property after the request was sent.</exception><PermissionSet><IPermission class="System.Security.Permissions.EnvironmentPermission, mscorlib, Version=2.0.3600.0, Culture=neutral, PublicKeyToken=b77a5c561934e089" version="1" Read="USERNAME" /></PermissionSet>
        </member>
        <member name="P:HttpWebAdapters.IHttpWebRequest.ConnectionGroupName">
             <summary>
            Gets or sets the name of the connection group for the request.
             </summary>
            
             <returns>
            The name of the connection group for this request. The default value is null.
             </returns>
            
        </member>
        <member name="P:HttpWebAdapters.IHttpWebRequest.Headers">
             <summary>
            Specifies a collection of the name/value pairs that make up the HTTP headers.
             </summary>
            
             <returns>
            A <see cref="T:System.Net.WebHeaderCollection"></see> that contains the name/value pairs that make up the headers for the HTTP request.
             </returns>
            
             <exception cref="T:System.InvalidOperationException">The request has been started by calling the <see cref="M:System.Net.HttpWebRequest.GetRequestStream"></see>, <see cref="M:System.Net.HttpWebRequest.BeginGetRequestStream(System.AsyncCallback,System.Object)"></see>, <see cref="M:System.Net.HttpWebRequest.GetResponse"></see>, or <see cref="M:System.Net.HttpWebRequest.BeginGetResponse(System.AsyncCallback,System.Object)"></see> method. </exception><PermissionSet><IPermission class="System.Security.Permissions.SecurityPermission, mscorlib, Version=2.0.3600.0, Culture=neutral, PublicKeyToken=b77a5c561934e089" version="1" Flags="UnmanagedCode, ControlEvidence" /></PermissionSet>
        </member>
        <member name="P:HttpWebAdapters.IHttpWebRequest.Proxy">
             <summary>
            Gets or sets proxy information for the request.
             </summary>
            
             <returns>
            The <see cref="T:System.Net.IWebProxy"></see> object to use to proxy the request. The default value is set by calling the <see cref="P:System.Net.GlobalProxySelection.Select"></see> property.
             </returns>
            
             <exception cref="T:System.Security.SecurityException">The caller does not have permission for the requested operation. </exception>
             <exception cref="T:System.ArgumentNullException"><see cref="P:System.Net.HttpWebRequest.Proxy"></see> is set to null. </exception>
             <exception cref="T:System.InvalidOperationException">The request has been started by calling <see cref="M:System.Net.HttpWebRequest.GetRequestStream"></see>, <see cref="M:System.Net.HttpWebRequest.BeginGetRequestStream(System.AsyncCallback,System.Object)"></see>, <see cref="M:System.Net.HttpWebRequest.GetResponse"></see>, or <see cref="M:System.Net.HttpWebRequest.BeginGetResponse(System.AsyncCallback,System.Object)"></see>. </exception><PermissionSet><IPermission class="System.Security.Permissions.EnvironmentPermission, mscorlib, Version=2.0.3600.0, Culture=neutral, PublicKeyToken=b77a5c561934e089" version="1" Unrestricted="true" /><IPermission class="System.Security.Permissions.FileIOPermission, mscorlib, Version=2.0.3600.0, Culture=neutral, PublicKeyToken=b77a5c561934e089" version="1" Unrestricted="true" /><IPermission class="System.Security.Permissions.SecurityPermission, mscorlib, Version=2.0.3600.0, Culture=neutral, PublicKeyToken=b77a5c561934e089" version="1" Flags="UnmanagedCode, ControlEvidence" /><IPermission class="System.Net.WebPermission, System, Version=2.0.3600.0, Culture=neutral, PublicKeyToken=b77a5c561934e089" version="1" Unrestricted="true" /></PermissionSet>
        </member>
        <member name="P:HttpWebAdapters.IHttpWebRequest.ProtocolVersion">
             <summary>
            Gets or sets the version of HTTP to use for the request.
             </summary>
            
             <returns>
            The HTTP version to use for the request. The default is <see cref="F:System.Net.HttpVersion.Version11"></see>.
             </returns>
            
             <exception cref="T:System.ArgumentException">The HTTP version is set to a value other than 1.0 or 1.1. </exception>
        </member>
        <member name="P:HttpWebAdapters.IHttpWebRequest.ContentType">
             <summary>
            Gets or sets the value of the Content-type HTTP header.
             </summary>
            
             <returns>
            The value of the Content-type HTTP header. The default value is null.
             </returns>
            
        </member>
        <member name="P:HttpWebAdapters.IHttpWebRequest.MediaType">
             <summary>
            Gets or sets the media type of the request.
             </summary>
            
             <returns>
            The media type of the request. The default value is null.
             </returns>
            
        </member>
        <member name="P:HttpWebAdapters.IHttpWebRequest.TransferEncoding">
             <summary>
            Gets or sets the value of the Transfer-encoding HTTP header.
             </summary>
            
             <returns>
            The value of the Transfer-encoding HTTP header. The default value is null.
             </returns>
            
             <exception cref="T:System.InvalidOperationException"><see cref="P:System.Net.HttpWebRequest.TransferEncoding"></see> is set when <see cref="P:System.Net.HttpWebRequest.SendChunked"></see> is false. </exception>
             <exception cref="T:System.ArgumentException"><see cref="P:System.Net.HttpWebRequest.TransferEncoding"></see> is set to the value "Chunked". </exception>
        </member>
        <member name="P:HttpWebAdapters.IHttpWebRequest.Connection">
             <summary>
            Gets or sets the value of the Connection HTTP header.
             </summary>
            
             <returns>
            The value of the Connection HTTP header. The default value is null.
             </returns>
            
             <exception cref="T:System.ArgumentException">The value of <see cref="P:System.Net.HttpWebRequest.Connection"></see> is set to Keep-alive or Close. </exception>
        </member>
        <member name="P:HttpWebAdapters.IHttpWebRequest.Accept">
             <summary>
            Gets or sets the value of the Accept HTTP header.
             </summary>
            
             <returns>
            The value of the Accept HTTP header. The default value is null.
             </returns>
            
        </member>
        <member name="P:HttpWebAdapters.IHttpWebRequest.Referer">
             <summary>
            Gets or sets the value of the Referer HTTP header.
             </summary>
            
             <returns>
            The value of the Referer HTTP header. The default value is null.
             </returns>
            
        </member>
        <member name="P:HttpWebAdapters.IHttpWebRequest.UserAgent">
             <summary>
            Gets or sets the value of the User-agent HTTP header.
             </summary>
            
             <returns>
            The value of the User-agent HTTP header. The default value is null.The value for this property is stored in <see cref="T:System.Net.WebHeaderCollection"></see>. If WebHeaderCollection is set, the property value is lost.
             </returns>
            
        </member>
        <member name="P:HttpWebAdapters.IHttpWebRequest.Expect">
             <summary>
            Gets or sets the value of the Expect HTTP header.
             </summary>
            
             <returns>
            The contents of the Expect HTTP header. The default value is null.The value for this property is stored in <see cref="T:System.Net.WebHeaderCollection"></see>. If WebHeaderCollection is set, the property value is lost.
             </returns>
            
             <exception cref="T:System.ArgumentException">Expect is set to a string that contains "100-continue" as a substring. </exception>
        </member>
        <member name="P:HttpWebAdapters.IHttpWebRequest.IfModifiedSince">
             <summary>
            Gets or sets the value of the If-Modified-Since HTTP header.
             </summary>
            
             <returns>
            A <see cref="T:System.DateTime"></see> that contains the contents of the If-Modified-Since HTTP header. The default value is the current date and time.
             </returns>
             <PermissionSet><IPermission class="System.Security.Permissions.SecurityPermission, mscorlib, Version=2.0.3600.0, Culture=neutral, PublicKeyToken=b77a5c561934e089" version="1" Flags="UnmanagedCode, ControlEvidence" /></PermissionSet>
        </member>
        <member name="M:HttpWebAdapters.Adapters.HttpWebRequestAdapter.GetRequestStream">
            <summary>
            Gets a <see cref="T:System.IO.Stream"></see> object to use to write request data.
            </summary>
            
            <returns>
            A <see cref="T:System.IO.Stream"></see> to use to write request data.
            </returns>
            
            <exception cref="T:System.InvalidOperationException">The <see cref="M:System.Net.HttpWebRequest.GetRequestStream"></see> method is called more than once.-or- <see cref="P:System.Net.HttpWebRequest.TransferEncoding"></see> is set to a value and <see cref="P:System.Net.HttpWebRequest.SendChunked"></see> is false. </exception>
            <exception cref="T:System.ObjectDisposedException">In a .NET Compact Framework application, a request stream with zero content length was not obtained and closed correctly. For more information about handling zero content length requests, see Network Programming in the .NET Compact Framework.</exception>
            <exception cref="T:System.Net.WebException"><see cref="M:System.Net.HttpWebRequest.Abort"></see> was previously called.-or- The time-out period for the request expired.-or- An error occurred while processing the request. </exception>
            <exception cref="T:System.NotSupportedException">The request cache validator indicated that the response for this request can be served from the cache; however, requests that write data must not use the cache. This exception can occur if you are using a custom cache validator that is incorrectly implemented. </exception>
            <exception cref="T:System.Net.ProtocolViolationException">The <see cref="P:System.Net.HttpWebRequest.Method"></see> property is GET or HEAD.-or- <see cref="P:System.Net.HttpWebRequest.KeepAlive"></see> is true, <see cref="P:System.Net.HttpWebRequest.AllowWriteStreamBuffering"></see> is false, <see cref="P:System.Net.HttpWebRequest.ContentLength"></see> is -1, <see cref="P:System.Net.HttpWebRequest.SendChunked"></see> is false, and <see cref="P:System.Net.HttpWebRequest.Method"></see> is POST or PUT. </exception><PermissionSet><IPermission class="System.Security.Permissions.EnvironmentPermission, mscorlib, Version=2.0.3600.0, Culture=neutral, PublicKeyToken=b77a5c561934e089" version="1" Unrestricted="true" /><IPermission class="System.Security.Permissions.FileIOPermission, mscorlib, Version=2.0.3600.0, Culture=neutral, PublicKeyToken=b77a5c561934e089" version="1" Unrestricted="true" /><IPermission class="System.Security.Permissions.SecurityPermission, mscorlib, Version=2.0.3600.0, Culture=neutral, PublicKeyToken=b77a5c561934e089" version="1" Unrestricted="true" /><IPermission class="System.Net.DnsPermission, System, Version=2.0.3600.0, Culture=neutral, PublicKeyToken=b77a5c561934e089" version="1" Unrestricted="true" /><IPermission class="System.Net.WebPermission, System, Version=2.0.3600.0, Culture=neutral, PublicKeyToken=b77a5c561934e089" version="1" Unrestricted="true" /><IPermission class="System.Diagnostics.PerformanceCounterPermission, System, Version=2.0.3600.0, Culture=neutral, PublicKeyToken=b77a5c561934e089" version="1" Unrestricted="true" /></PermissionSet>
        </member>
        <member name="M:HttpWebAdapters.Adapters.HttpWebRequestAdapter.Abort">
            <summary>
            Cancels a request to an Internet resource.
            </summary>
            <PermissionSet><IPermission class="System.Security.Permissions.EnvironmentPermission, mscorlib, Version=2.0.3600.0, Culture=neutral, PublicKeyToken=b77a5c561934e089" version="1" Unrestricted="true" /><IPermission class="System.Security.Permissions.FileIOPermission, mscorlib, Version=2.0.3600.0, Culture=neutral, PublicKeyToken=b77a5c561934e089" version="1" Unrestricted="true" /><IPermission class="System.Security.Permissions.SecurityPermission, mscorlib, Version=2.0.3600.0, Culture=neutral, PublicKeyToken=b77a5c561934e089" version="1" Flags="UnmanagedCode, ControlEvidence" /></PermissionSet>
        </member>
        <member name="M:HttpWebAdapters.Adapters.HttpWebRequestAdapter.AddRange(System.Int32,System.Int32)">
            <summary>
            Adds a byte range header to the request for a specified range.
            </summary>
            
            <param name="to">The position at which to stop sending data. </param>
            <param name="from">The position at which to start sending data. </param>
            <exception cref="T:System.ArgumentException">rangeSpecifier is invalid. </exception>
            <exception cref="T:System.ArgumentOutOfRangeException">from is greater than to-or- from or to is less than 0. </exception>
            <exception cref="T:System.InvalidOperationException">The range header could not be added. </exception>
        </member>
        <member name="M:HttpWebAdapters.Adapters.HttpWebRequestAdapter.AddRange(System.Int32)">
            <summary>
            Adds a byte range header to a request for a specific range from the beginning or end of the requested data.
            </summary>
            
            <param name="range">The starting or ending point of the range. </param>
            <exception cref="T:System.ArgumentException">rangeSpecifier is invalid. </exception>
            <exception cref="T:System.InvalidOperationException">The range header could not be added. </exception>
        </member>
        <member name="M:HttpWebAdapters.Adapters.HttpWebRequestAdapter.AddRange(System.String,System.Int32,System.Int32)">
            <summary>
            Adds a range header to a request for a specified range.
            </summary>
            
            <param name="from">The position at which to start sending data. </param>
            <param name="to">The position at which to stop sending data. </param>
            <param name="rangeSpecifier">The description of the range. </param>
            <exception cref="T:System.ArgumentException">rangeSpecifier is invalid. </exception>
            <exception cref="T:System.ArgumentNullException">rangeSpecifier is null. </exception>
            <exception cref="T:System.ArgumentOutOfRangeException">from is greater than to-or- from or to is less than 0. </exception>
            <exception cref="T:System.InvalidOperationException">The range header could not be added. </exception>
        </member>
        <member name="M:HttpWebAdapters.Adapters.HttpWebRequestAdapter.AddRange(System.String,System.Int32)">
            <summary>
            Adds a range header to a request for a specific range from the beginning or end of the requested data.
            </summary>
            
            <param name="range">The starting or ending point of the range. </param>
            <param name="rangeSpecifier">The description of the range. </param>
            <exception cref="T:System.ArgumentException">rangeSpecifier is invalid. </exception>
            <exception cref="T:System.ArgumentNullException">rangeSpecifier is null. </exception>
            <exception cref="T:System.InvalidOperationException">The range header could not be added. </exception>
        </member>
        <member name="P:HttpWebAdapters.Adapters.HttpWebRequestAdapter.AllowAutoRedirect">
            <summary>
            Gets or sets a value that indicates whether the request should follow redirection responses.
            </summary>
            
            <returns>
            true if the request should automatically follow redirection responses from the Internet resource; otherwise, false. The default value is true.
            </returns>
            
        </member>
        <member name="P:HttpWebAdapters.Adapters.HttpWebRequestAdapter.AllowWriteStreamBuffering">
            <summary>
            Gets or sets a value that indicates whether to buffer the data sent to the Internet resource.
            </summary>
            
            <returns>
            true to enable buffering of the data sent to the Internet resource; false to disable buffering. The default is true.
            </returns>
            
        </member>
        <member name="P:HttpWebAdapters.Adapters.HttpWebRequestAdapter.HaveResponse">
            <summary>
            Gets a value that indicates whether a response has been received from an Internet resource.
            </summary>
            
            <returns>
            true if a response has been received; otherwise, false.
            </returns>
            
        </member>
        <member name="P:HttpWebAdapters.Adapters.HttpWebRequestAdapter.KeepAlive">
            <summary>
            Gets or sets a value that indicates whether to make a persistent connection to the Internet resource.
            </summary>
            
            <returns>
            true if the request to the Internet resource should contain a Connection HTTP header with the value Keep-alive; otherwise, false. The default is true.
            </returns>
            
        </member>
        <member name="P:HttpWebAdapters.Adapters.HttpWebRequestAdapter.Pipelined">
            <summary>
            Gets or sets a value that indicates whether to pipeline the request to the Internet resource.
            </summary>
            
            <returns>
            true if the request should be pipelined; otherwise, false. The default is true.
            </returns>
            
        </member>
        <member name="P:HttpWebAdapters.Adapters.HttpWebRequestAdapter.PreAuthenticate">
            <summary>
            Gets or sets a value that indicates whether to send an authenticate header with the request.
            </summary>
            
            <returns>
            true to send a WWW-authenticate HTTP header with requests after authentication has taken place; otherwise, false. The default is false.
            </returns>
            
        </member>
        <member name="P:HttpWebAdapters.Adapters.HttpWebRequestAdapter.UnsafeAuthenticatedConnectionSharing">
            <summary>
            Gets or sets a value that indicates whether to allow high-speed NTLM-authenticated connection sharing.
            </summary>
            
            <returns>
            true to keep the authenticated connection open; otherwise, false.
            </returns>
            <PermissionSet><IPermission class="System.Net.WebPermission, System, Version=2.0.3600.0, Culture=neutral, PublicKeyToken=b77a5c561934e089" version="1" Unrestricted="true" /></PermissionSet>
        </member>
        <member name="P:HttpWebAdapters.Adapters.HttpWebRequestAdapter.SendChunked">
            <summary>
            Gets or sets a value that indicates whether to send data in segments to the Internet resource.
            </summary>
            
            <returns>
            true to send data to the Internet resource in segments; otherwise, false. The default value is false.
            </returns>
            
            <exception cref="T:System.InvalidOperationException">The request has been started by calling the <see cref="M:System.Net.HttpWebRequest.GetRequestStream"></see>, <see cref="M:System.Net.HttpWebRequest.BeginGetRequestStream(System.AsyncCallback,System.Object)"></see>, <see cref="M:System.Net.HttpWebRequest.GetResponse"></see>, or <see cref="M:System.Net.HttpWebRequest.BeginGetResponse(System.AsyncCallback,System.Object)"></see> method. </exception>
        </member>
        <member name="P:HttpWebAdapters.Adapters.HttpWebRequestAdapter.AutomaticDecompression">
            <summary>
            Gets or sets the type of decompression that is used.
            </summary>
            
            <returns>
            A T:System.Net.DecompressionMethods object that indicates the type of decompression that is used. 
            </returns>
            
            <exception cref="T:System.InvalidOperationException">The object's current state does not allow this property to be set.</exception>
        </member>
        <member name="P:HttpWebAdapters.Adapters.HttpWebRequestAdapter.MaximumResponseHeadersLength">
            <summary>
            Gets or sets the maximum allowed length of the response headers.
            </summary>
            
            <returns>
            The length, in kilobytes (1024 bytes), of the response headers.
            </returns>
            
            <exception cref="T:System.InvalidOperationException">The property is set after the request has already been submitted. </exception>
            <exception cref="T:System.ArgumentOutOfRangeException">The value is less than 0 and is not equal to -1. </exception>
        </member>
        <member name="P:HttpWebAdapters.Adapters.HttpWebRequestAdapter.ClientCertificates">
            <summary>
            Gets or sets the collection of security certificates that are associated with this request.
            </summary>
            
            <returns>
            The <see cref="T:System.Security.Cryptography.X509Certificates.X509CertificateCollection"></see> that contains the security certificates associated with this request.
            </returns>
            
            <exception cref="T:System.ArgumentNullException">The value specified for a set operation is null. </exception>
        </member>
        <member name="P:HttpWebAdapters.Adapters.HttpWebRequestAdapter.CookieContainer">
            <summary>
            Gets or sets the cookies associated with the request.
            </summary>
            
            <returns>
            A <see cref="T:System.Net.CookieContainer"></see> that contains the cookies associated with this request.
            </returns>
            
        </member>
        <member name="P:HttpWebAdapters.Adapters.HttpWebRequestAdapter.RequestUri">
            <summary>
            Gets the original Uniform Resource Identifier (URI) of the request.
            </summary>
            
            <returns>
            A <see cref="T:System.Uri"></see> that contains the URI of the Internet resource passed to the <see cref="M:System.Net.WebRequest.Create(System.String)"></see> method.
            </returns>
            
        </member>
        <member name="P:HttpWebAdapters.Adapters.HttpWebRequestAdapter.ContentLength">
            <summary>
            Gets or sets the Content-length HTTP header.
            </summary>
            
            <returns>
            The number of bytes of data to send to the Internet resource. The default is -1, which indicates the property has not been set and that there is no request data to send.
            </returns>
            
            <exception cref="T:System.ArgumentOutOfRangeException">The new <see cref="P:System.Net.HttpWebRequest.ContentLength"></see> value is less than 0. </exception>
            <exception cref="T:System.InvalidOperationException">The request has been started by calling the <see cref="M:System.Net.HttpWebRequest.GetRequestStream"></see>, <see cref="M:System.Net.HttpWebRequest.BeginGetRequestStream(System.AsyncCallback,System.Object)"></see>, <see cref="M:System.Net.HttpWebRequest.GetResponse"></see>, or <see cref="M:System.Net.HttpWebRequest.BeginGetResponse(System.AsyncCallback,System.Object)"></see> method. </exception>
        </member>
        <member name="P:HttpWebAdapters.Adapters.HttpWebRequestAdapter.Timeout">
            <summary>
            Gets or sets the time-out value for the <see cref="M:System.Net.HttpWebRequest.GetResponse"></see> and <see cref="M:System.Net.HttpWebRequest.GetRequestStream"></see> methods.
            </summary>
            
            <returns>
            The number of milliseconds to wait before the request times out. The default is 100,000 milliseconds (100 seconds).
            </returns>
            
            <exception cref="T:System.ArgumentOutOfRangeException">The value specified is less than zero and is not <see cref="F:System.Threading.Timeout.Infinite"></see>.</exception>
        </member>
        <member name="P:HttpWebAdapters.Adapters.HttpWebRequestAdapter.ReadWriteTimeout">
            <summary>
            Gets or sets a time-out when writing to or reading from a stream.
            </summary>
            
            <returns>
            The number of milliseconds before the writing or reading times out. The default value is 300,000 milliseconds (5 minutes).
            </returns>
            
            <exception cref="T:System.ArgumentOutOfRangeException">The value specified for a set operation is less than or equal to zero and is not equal to <see cref="F:System.Threading.Timeout.Infinite"></see></exception>
            <exception cref="T:System.InvalidOperationException">The request has already been sent. </exception>
        </member>
        <member name="P:HttpWebAdapters.Adapters.HttpWebRequestAdapter.Address">
            <summary>
            Gets the Uniform Resource Identifier (URI) of the Internet resource that actually responds to the request.
            </summary>
            
            <returns>
            A <see cref="T:System.Uri"></see> that identifies the Internet resource that actually responds to the request. The default is the URI used by the <see cref="M:System.Net.WebRequest.Create(System.String)"></see> method to initialize the request.
            </returns>
            
        </member>
        <member name="P:HttpWebAdapters.Adapters.HttpWebRequestAdapter.ServicePoint">
            <summary>
            Gets the service point to use for the request.
            </summary>
            
            <returns>
            A <see cref="T:System.Net.ServicePoint"></see> that represents the network connection to the Internet resource.
            </returns>
            <PermissionSet><IPermission class="System.Security.Permissions.EnvironmentPermission, mscorlib, Version=2.0.3600.0, Culture=neutral, PublicKeyToken=b77a5c561934e089" version="1" Unrestricted="true" /><IPermission class="System.Security.Permissions.FileIOPermission, mscorlib, Version=2.0.3600.0, Culture=neutral, PublicKeyToken=b77a5c561934e089" version="1" Unrestricted="true" /><IPermission class="System.Security.Permissions.SecurityPermission, mscorlib, Version=2.0.3600.0, Culture=neutral, PublicKeyToken=b77a5c561934e089" version="1" Flags="UnmanagedCode, ControlEvidence" /></PermissionSet>
        </member>
        <member name="P:HttpWebAdapters.Adapters.HttpWebRequestAdapter.MaximumAutomaticRedirections">
            <summary>
            Gets or sets the maximum number of redirects that the request follows.
            </summary>
            
            <returns>
            The maximum number of redirection responses that the request follows. The default value is 50.
            </returns>
            
            <exception cref="T:System.ArgumentException">The value is set to 0 or less. </exception>
        </member>
        <member name="P:HttpWebAdapters.Adapters.HttpWebRequestAdapter.Credentials">
            <summary>
            Gets or sets authentication information for the request.
            </summary>
            
            <returns>
            An <see cref="T:System.Net.ICredentials"></see> that contains the authentication credentials associated with the request. The default is null.
            </returns>
            <PermissionSet><IPermission class="System.Security.Permissions.SecurityPermission, mscorlib, Version=2.0.3600.0, Culture=neutral, PublicKeyToken=b77a5c561934e089" version="1" Flags="UnmanagedCode, ControlEvidence" /></PermissionSet>
        </member>
        <member name="P:HttpWebAdapters.Adapters.HttpWebRequestAdapter.UseDefaultCredentials">
            <summary>
            Gets or sets a <see cref="T:System.Boolean"></see> value that controls whether default credentials are sent with requests.
            </summary>
            
            <returns>
            true if the default credentials are used; otherwise false. The default value is false.
            </returns>
            
            <exception cref="T:System.InvalidOperationException">You attempted to set this property after the request was sent.</exception><PermissionSet><IPermission class="System.Security.Permissions.EnvironmentPermission, mscorlib, Version=2.0.3600.0, Culture=neutral, PublicKeyToken=b77a5c561934e089" version="1" Read="USERNAME" /></PermissionSet>
        </member>
        <member name="P:HttpWebAdapters.Adapters.HttpWebRequestAdapter.ConnectionGroupName">
            <summary>
            Gets or sets the name of the connection group for the request.
            </summary>
            
            <returns>
            The name of the connection group for this request. The default value is null.
            </returns>
            
        </member>
        <member name="P:HttpWebAdapters.Adapters.HttpWebRequestAdapter.Headers">
            <summary>
            Specifies a collection of the name/value pairs that make up the HTTP headers.
            </summary>
            
            <returns>
            A <see cref="T:System.Net.WebHeaderCollection"></see> that contains the name/value pairs that make up the headers for the HTTP request.
            </returns>
            
            <exception cref="T:System.InvalidOperationException">The request has been started by calling the <see cref="M:System.Net.HttpWebRequest.GetRequestStream"></see>, <see cref="M:System.Net.HttpWebRequest.BeginGetRequestStream(System.AsyncCallback,System.Object)"></see>, <see cref="M:System.Net.HttpWebRequest.GetResponse"></see>, or <see cref="M:System.Net.HttpWebRequest.BeginGetResponse(System.AsyncCallback,System.Object)"></see> method. </exception><PermissionSet><IPermission class="System.Security.Permissions.SecurityPermission, mscorlib, Version=2.0.3600.0, Culture=neutral, PublicKeyToken=b77a5c561934e089" version="1" Flags="UnmanagedCode, ControlEvidence" /></PermissionSet>
        </member>
        <member name="P:HttpWebAdapters.Adapters.HttpWebRequestAdapter.Proxy">
            <summary>
            Gets or sets proxy information for the request.
            </summary>
            
            <returns>
            The <see cref="T:System.Net.IWebProxy"></see> object to use to proxy the request. The default value is set by calling the <see cref="P:System.Net.GlobalProxySelection.Select"></see> property.
            </returns>
            
            <exception cref="T:System.Security.SecurityException">The caller does not have permission for the requested operation. </exception>
            <exception cref="T:System.ArgumentNullException"><see cref="P:System.Net.HttpWebRequest.Proxy"></see> is set to null. </exception>
            <exception cref="T:System.InvalidOperationException">The request has been started by calling <see cref="M:System.Net.HttpWebRequest.GetRequestStream"></see>, <see cref="M:System.Net.HttpWebRequest.BeginGetRequestStream(System.AsyncCallback,System.Object)"></see>, <see cref="M:System.Net.HttpWebRequest.GetResponse"></see>, or <see cref="M:System.Net.HttpWebRequest.BeginGetResponse(System.AsyncCallback,System.Object)"></see>. </exception><PermissionSet><IPermission class="System.Security.Permissions.EnvironmentPermission, mscorlib, Version=2.0.3600.0, Culture=neutral, PublicKeyToken=b77a5c561934e089" version="1" Unrestricted="true" /><IPermission class="System.Security.Permissions.FileIOPermission, mscorlib, Version=2.0.3600.0, Culture=neutral, PublicKeyToken=b77a5c561934e089" version="1" Unrestricted="true" /><IPermission class="System.Security.Permissions.SecurityPermission, mscorlib, Version=2.0.3600.0, Culture=neutral, PublicKeyToken=b77a5c561934e089" version="1" Flags="UnmanagedCode, ControlEvidence" /><IPermission class="System.Net.WebPermission, System, Version=2.0.3600.0, Culture=neutral, PublicKeyToken=b77a5c561934e089" version="1" Unrestricted="true" /></PermissionSet>
        </member>
        <member name="P:HttpWebAdapters.Adapters.HttpWebRequestAdapter.ProtocolVersion">
            <summary>
            Gets or sets the version of HTTP to use for the request.
            </summary>
            
            <returns>
            The HTTP version to use for the request. The default is <see cref="F:System.Net.HttpVersion.Version11"></see>.
            </returns>
            
            <exception cref="T:System.ArgumentException">The HTTP version is set to a value other than 1.0 or 1.1. </exception>
        </member>
        <member name="P:HttpWebAdapters.Adapters.HttpWebRequestAdapter.ContentType">
            <summary>
            Gets or sets the value of the Content-type HTTP header.
            </summary>
            
            <returns>
            The value of the Content-type HTTP header. The default value is null.
            </returns>
            
        </member>
        <member name="P:HttpWebAdapters.Adapters.HttpWebRequestAdapter.MediaType">
            <summary>
            Gets or sets the media type of the request.
            </summary>
            
            <returns>
            The media type of the request. The default value is null.
            </returns>
            
        </member>
        <member name="P:HttpWebAdapters.Adapters.HttpWebRequestAdapter.TransferEncoding">
            <summary>
            Gets or sets the value of the Transfer-encoding HTTP header.
            </summary>
            
            <returns>
            The value of the Transfer-encoding HTTP header. The default value is null.
            </returns>
            
            <exception cref="T:System.InvalidOperationException"><see cref="P:System.Net.HttpWebRequest.TransferEncoding"></see> is set when <see cref="P:System.Net.HttpWebRequest.SendChunked"></see> is false. </exception>
            <exception cref="T:System.ArgumentException"><see cref="P:System.Net.HttpWebRequest.TransferEncoding"></see> is set to the value "Chunked". </exception>
        </member>
        <member name="P:HttpWebAdapters.Adapters.HttpWebRequestAdapter.Connection">
            <summary>
            Gets or sets the value of the Connection HTTP header.
            </summary>
            
            <returns>
            The value of the Connection HTTP header. The default value is null.
            </returns>
            
            <exception cref="T:System.ArgumentException">The value of <see cref="P:System.Net.HttpWebRequest.Connection"></see> is set to Keep-alive or Close. </exception>
        </member>
        <member name="P:HttpWebAdapters.Adapters.HttpWebRequestAdapter.Accept">
            <summary>
            Gets or sets the value of the Accept HTTP header.
            </summary>
            
            <returns>
            The value of the Accept HTTP header. The default value is null.
            </returns>
            
        </member>
        <member name="P:HttpWebAdapters.Adapters.HttpWebRequestAdapter.Referer">
            <summary>
            Gets or sets the value of the Referer HTTP header.
            </summary>
            
            <returns>
            The value of the Referer HTTP header. The default value is null.
            </returns>
            
        </member>
        <member name="P:HttpWebAdapters.Adapters.HttpWebRequestAdapter.UserAgent">
            <summary>
            Gets or sets the value of the User-agent HTTP header.
            </summary>
            
            <returns>
            The value of the User-agent HTTP header. The default value is null.The value for this property is stored in <see cref="T:System.Net.WebHeaderCollection"></see>. If WebHeaderCollection is set, the property value is lost.
            </returns>
            
        </member>
        <member name="P:HttpWebAdapters.Adapters.HttpWebRequestAdapter.Expect">
            <summary>
            Gets or sets the value of the Expect HTTP header.
            </summary>
            
            <returns>
            The contents of the Expect HTTP header. The default value is null.The value for this property is stored in <see cref="T:System.Net.WebHeaderCollection"></see>. If WebHeaderCollection is set, the property value is lost.
            </returns>
            
            <exception cref="T:System.ArgumentException">Expect is set to a string that contains "100-continue" as a substring. </exception>
        </member>
        <member name="P:HttpWebAdapters.Adapters.HttpWebRequestAdapter.IfModifiedSince">
            <summary>
            Gets or sets the value of the If-Modified-Since HTTP header.
            </summary>
            
            <returns>
            A <see cref="T:System.DateTime"></see> that contains the contents of the If-Modified-Since HTTP header. The default value is the current date and time.
            </returns>
            <PermissionSet><IPermission class="System.Security.Permissions.SecurityPermission, mscorlib, Version=2.0.3600.0, Culture=neutral, PublicKeyToken=b77a5c561934e089" version="1" Flags="UnmanagedCode, ControlEvidence" /></PermissionSet>
        </member>
        <member name="M:HttpWebAdapters.IHttpWebResponse.GetResponseHeader(System.String)">
             <summary>
            Gets the contents of a header that was returned with the response.
             </summary>
            
             <returns>
            The contents of the specified header.
             </returns>
            
             <param name="headerName">The header value to return. </param>
             <exception cref="T:System.ObjectDisposedException">The current instance has been disposed. </exception>
        </member>
        <member name="M:HttpWebAdapters.IHttpWebResponse.Close">
             <summary>
            When overridden by a descendant class, closes the response stream.
             </summary>
            
             <exception cref="T:System.NotSupportedException">Any attempt is made to access the method, when the method is not overridden in a descendant class. </exception><PermissionSet><IPermission class="System.Security.Permissions.SecurityPermission, mscorlib, Version=2.0.3600.0, Culture=neutral, PublicKeyToken=b77a5c561934e089" version="1" Flags="UnmanagedCode, ControlEvidence" /></PermissionSet>
        </member>
        <member name="M:HttpWebAdapters.IHttpWebResponse.GetResponseStream">
             <summary>
            When overridden in a descendant class, returns the data stream from the Internet resource.
             </summary>
            
             <returns>
            An instance of the <see cref="T:System.IO.Stream"></see> class for reading data from the Internet resource.
             </returns>
            
             <exception cref="T:System.NotSupportedException">Any attempt is made to access the method, when the method is not overridden in a descendant class. </exception><PermissionSet><IPermission class="System.Security.Permissions.SecurityPermission, mscorlib, Version=2.0.3600.0, Culture=neutral, PublicKeyToken=b77a5c561934e089" version="1" Flags="UnmanagedCode, ControlEvidence" /></PermissionSet>
        </member>
        <member name="P:HttpWebAdapters.IHttpWebResponse.Cookies">
             <summary>
            Gets or sets the cookies that are associated with this response.
             </summary>
            
             <returns>
            A <see cref="T:System.Net.CookieCollection"></see> that contains the cookies that are associated with this response.
             </returns>
            
             <exception cref="T:System.ObjectDisposedException">The current instance has been disposed. </exception>
        </member>
        <member name="P:HttpWebAdapters.IHttpWebResponse.ContentEncoding">
             <summary>
            Gets the method that is used to encode the body of the response.
             </summary>
            
             <returns>
            A string that describes the method that is used to encode the body of the response.
             </returns>
            
             <exception cref="T:System.ObjectDisposedException">The current instance has been disposed. </exception>
        </member>
        <member name="P:HttpWebAdapters.IHttpWebResponse.CharacterSet">
             <summary>
            Gets the character set of the response.
             </summary>
            
             <returns>
            A string that contains the character set of the response.
             </returns>
            
             <exception cref="T:System.ObjectDisposedException">The current instance has been disposed. </exception><PermissionSet><IPermission class="System.Security.Permissions.SecurityPermission, mscorlib, Version=2.0.3600.0, Culture=neutral, PublicKeyToken=b77a5c561934e089" version="1" Flags="UnmanagedCode" /></PermissionSet>
        </member>
        <member name="P:HttpWebAdapters.IHttpWebResponse.Server">
             <summary>
            Gets the name of the server that sent the response.
             </summary>
            
             <returns>
            A string that contains the name of the server that sent the response.
             </returns>
            
             <exception cref="T:System.ObjectDisposedException">The current instance has been disposed. </exception>
        </member>
        <member name="P:HttpWebAdapters.IHttpWebResponse.LastModified">
             <summary>
            Gets the last date and time that the contents of the response were modified.
             </summary>
            
             <returns>
            A <see cref="T:System.DateTime"></see> that contains the date and time that the contents of the response were modified.
             </returns>
            
             <exception cref="T:System.ObjectDisposedException">The current instance has been disposed. </exception><PermissionSet><IPermission class="System.Security.Permissions.SecurityPermission, mscorlib, Version=2.0.3600.0, Culture=neutral, PublicKeyToken=b77a5c561934e089" version="1" Flags="UnmanagedCode, ControlEvidence" /></PermissionSet>
        </member>
        <member name="P:HttpWebAdapters.IHttpWebResponse.StatusCode">
             <summary>
            Gets the status of the response.
             </summary>
            
             <returns>
            One of the <see cref="T:System.Net.HttpStatusCode"></see> values.
             </returns>
            
             <exception cref="T:System.ObjectDisposedException">The current instance has been disposed. </exception>
        </member>
        <member name="P:HttpWebAdapters.IHttpWebResponse.StatusDescription">
             <summary>
            Gets the status description returned with the response.
             </summary>
            
             <returns>
            A string that describes the status of the response.
             </returns>
            
             <exception cref="T:System.ObjectDisposedException">The current instance has been disposed. </exception>
        </member>
        <member name="P:HttpWebAdapters.IHttpWebResponse.ProtocolVersion">
             <summary>
            Gets the version of the HTTP protocol that is used in the response.
             </summary>
            
             <returns>
            A <see cref="T:System.Version"></see> that contains the HTTP protocol version of the response.
             </returns>
            
             <exception cref="T:System.ObjectDisposedException">The current instance has been disposed. </exception>
        </member>
        <member name="P:HttpWebAdapters.IHttpWebResponse.Method">
             <summary>
            Gets the method that is used to return the response.
             </summary>
            
             <returns>
            A string that contains the HTTP method that is used to return the response.
             </returns>
            
             <exception cref="T:System.ObjectDisposedException">The current instance has been disposed. </exception>
        </member>
        <member name="P:HttpWebAdapters.IHttpWebResponse.IsFromCache">
             <summary>
            Gets a <see cref="T:System.Boolean"></see> value that indicates whether this response was obtained from the cache.
             </summary>
            
             <returns>
            true if the response was taken from the cache; otherwise, false.
             </returns>
            
        </member>
        <member name="P:HttpWebAdapters.IHttpWebResponse.IsMutuallyAuthenticated">
             <summary>
            Gets a <see cref="T:System.Boolean"></see> value that indicates whether mutual authentication occurred.
             </summary>
            
             <returns>
            true if both client and server were authenticated; otherwise, false.
             </returns>
            
        </member>
        <member name="P:HttpWebAdapters.IHttpWebResponse.ContentLength">
             <summary>
            When overridden in a descendant class, gets or sets the content length of data being received.
             </summary>
            
             <returns>
            The number of bytes returned from the Internet resource.
             </returns>
            
             <exception cref="T:System.NotSupportedException">Any attempt is made to get or set the property, when the property is not overridden in a descendant class. </exception><PermissionSet><IPermission class="System.Security.Permissions.SecurityPermission, mscorlib, Version=2.0.3600.0, Culture=neutral, PublicKeyToken=b77a5c561934e089" version="1" Flags="UnmanagedCode, ControlEvidence" /></PermissionSet>
        </member>
        <member name="P:HttpWebAdapters.IHttpWebResponse.ContentType">
             <summary>
            When overridden in a derived class, gets or sets the content type of the data being received.
             </summary>
            
             <returns>
            A string that contains the content type of the response.
             </returns>
            
             <exception cref="T:System.NotSupportedException">Any attempt is made to get or set the property, when the property is not overridden in a descendant class. </exception><PermissionSet><IPermission class="System.Security.Permissions.SecurityPermission, mscorlib, Version=2.0.3600.0, Culture=neutral, PublicKeyToken=b77a5c561934e089" version="1" Flags="UnmanagedCode, ControlEvidence" /></PermissionSet>
        </member>
        <member name="P:HttpWebAdapters.IHttpWebResponse.ResponseUri">
             <summary>
            When overridden in a derived class, gets the URI of the Internet resource that actually responded to the request.
             </summary>
            
             <returns>
            An instance of the <see cref="T:System.Uri"></see> class that contains the URI of the Internet resource that actually responded to the request.
             </returns>
            
             <exception cref="T:System.NotSupportedException">Any attempt is made to get or set the property, when the property is not overridden in a descendant class. </exception><PermissionSet><IPermission class="System.Security.Permissions.SecurityPermission, mscorlib, Version=2.0.3600.0, Culture=neutral, PublicKeyToken=b77a5c561934e089" version="1" Flags="UnmanagedCode, ControlEvidence" /></PermissionSet>
        </member>
        <member name="P:HttpWebAdapters.IHttpWebResponse.Headers">
             <summary>
            When overridden in a derived class, gets a collection of header name-value pairs associated with this request.
             </summary>
            
             <returns>
            An instance of the <see cref="T:System.Net.WebHeaderCollection"></see> class that contains header values associated with this response.
             </returns>
            
             <exception cref="T:System.NotSupportedException">Any attempt is made to get or set the property, when the property is not overridden in a descendant class. </exception><PermissionSet><IPermission class="System.Security.Permissions.SecurityPermission, mscorlib, Version=2.0.3600.0, Culture=neutral, PublicKeyToken=b77a5c561934e089" version="1" Flags="UnmanagedCode, ControlEvidence" /></PermissionSet>
        </member>
        <member name="M:HttpWebAdapters.Adapters.HttpWebResponseAdapter.GetResponseHeader(System.String)">
             <summary>
            Gets the contents of a header that was returned with the response.
             </summary>
            
             <returns>
            The contents of the specified header.
             </returns>
            
             <param name="headerName">The header value to return. </param>
             <exception cref="T:System.ObjectDisposedException">The current instance has been disposed. </exception>
        </member>
        <member name="M:HttpWebAdapters.Adapters.HttpWebResponseAdapter.Close">
             <summary>
            When overridden by a descendant class, closes the response stream.
             </summary>
            
             <exception cref="T:System.NotSupportedException">Any attempt is made to access the method, when the method is not overridden in a descendant class. </exception><PermissionSet><IPermission class="System.Security.Permissions.SecurityPermission, mscorlib, Version=2.0.3600.0, Culture=neutral, PublicKeyToken=b77a5c561934e089" version="1" Flags="UnmanagedCode, ControlEvidence" /></PermissionSet>
        </member>
        <member name="M:HttpWebAdapters.Adapters.HttpWebResponseAdapter.GetResponseStream">
             <summary>
            When overridden in a descendant class, returns the data stream from the Internet resource.
             </summary>
            
             <returns>
            An instance of the <see cref="T:System.IO.Stream"></see> class for reading data from the Internet resource.
             </returns>
            
             <exception cref="T:System.NotSupportedException">Any attempt is made to access the method, when the method is not overridden in a descendant class. </exception><PermissionSet><IPermission class="System.Security.Permissions.SecurityPermission, mscorlib, Version=2.0.3600.0, Culture=neutral, PublicKeyToken=b77a5c561934e089" version="1" Flags="UnmanagedCode, ControlEvidence" /></PermissionSet>
        </member>
        <member name="M:HttpWebAdapters.Adapters.HttpWebResponseAdapter.Dispose">
             <summary>
            Performs application-defined tasks associated with freeing, releasing, or resetting unmanaged resources.
             </summary>
             <filterpriority>2</filterpriority>
        </member>
        <member name="P:HttpWebAdapters.Adapters.HttpWebResponseAdapter.Cookies">
             <summary>
            Gets or sets the cookies that are associated with this response.
             </summary>
            
             <returns>
            A <see cref="T:System.Net.CookieCollection"></see> that contains the cookies that are associated with this response.
             </returns>
            
             <exception cref="T:System.ObjectDisposedException">The current instance has been disposed. </exception>
        </member>
        <member name="P:HttpWebAdapters.Adapters.HttpWebResponseAdapter.ContentEncoding">
             <summary>
            Gets the method that is used to encode the body of the response.
             </summary>
            
             <returns>
            A string that describes the method that is used to encode the body of the response.
             </returns>
            
             <exception cref="T:System.ObjectDisposedException">The current instance has been disposed. </exception>
        </member>
        <member name="P:HttpWebAdapters.Adapters.HttpWebResponseAdapter.CharacterSet">
             <summary>
            Gets the character set of the response.
             </summary>
            
             <returns>
            A string that contains the character set of the response.
             </returns>
            
             <exception cref="T:System.ObjectDisposedException">The current instance has been disposed. </exception><PermissionSet><IPermission class="System.Security.Permissions.SecurityPermission, mscorlib, Version=2.0.3600.0, Culture=neutral, PublicKeyToken=b77a5c561934e089" version="1" Flags="UnmanagedCode" /></PermissionSet>
        </member>
        <member name="P:HttpWebAdapters.Adapters.HttpWebResponseAdapter.Server">
             <summary>
            Gets the name of the server that sent the response.
             </summary>
            
             <returns>
            A string that contains the name of the server that sent the response.
             </returns>
            
             <exception cref="T:System.ObjectDisposedException">The current instance has been disposed. </exception>
        </member>
        <member name="P:HttpWebAdapters.Adapters.HttpWebResponseAdapter.LastModified">
             <summary>
            Gets the last date and time that the contents of the response were modified.
             </summary>
            
             <returns>
            A <see cref="T:System.DateTime"></see> that contains the date and time that the contents of the response were modified.
             </returns>
            
             <exception cref="T:System.ObjectDisposedException">The current instance has been disposed. </exception><PermissionSet><IPermission class="System.Security.Permissions.SecurityPermission, mscorlib, Version=2.0.3600.0, Culture=neutral, PublicKeyToken=b77a5c561934e089" version="1" Flags="UnmanagedCode, ControlEvidence" /></PermissionSet>
        </member>
        <member name="P:HttpWebAdapters.Adapters.HttpWebResponseAdapter.StatusCode">
             <summary>
            Gets the status of the response.
             </summary>
            
             <returns>
            One of the <see cref="T:System.Net.HttpStatusCode"></see> values.
             </returns>
            
             <exception cref="T:System.ObjectDisposedException">The current instance has been disposed. </exception>
        </member>
        <member name="P:HttpWebAdapters.Adapters.HttpWebResponseAdapter.StatusDescription">
             <summary>
            Gets the status description returned with the response.
             </summary>
            
             <returns>
            A string that describes the status of the response.
             </returns>
            
             <exception cref="T:System.ObjectDisposedException">The current instance has been disposed. </exception>
        </member>
        <member name="P:HttpWebAdapters.Adapters.HttpWebResponseAdapter.ProtocolVersion">
             <summary>
            Gets the version of the HTTP protocol that is used in the response.
             </summary>
            
             <returns>
            A <see cref="T:System.Version"></see> that contains the HTTP protocol version of the response.
             </returns>
            
             <exception cref="T:System.ObjectDisposedException">The current instance has been disposed. </exception>
        </member>
        <member name="P:HttpWebAdapters.Adapters.HttpWebResponseAdapter.Method">
             <summary>
            Gets the method that is used to return the response.
             </summary>
            
             <returns>
            A string that contains the HTTP method that is used to return the response.
             </returns>
            
             <exception cref="T:System.ObjectDisposedException">The current instance has been disposed. </exception>
        </member>
        <member name="P:HttpWebAdapters.Adapters.HttpWebResponseAdapter.IsFromCache">
             <summary>
            Gets a <see cref="T:System.Boolean"></see> value that indicates whether this response was obtained from the cache.
             </summary>
            
             <returns>
            true if the response was taken from the cache; otherwise, false.
             </returns>
            
        </member>
        <member name="P:HttpWebAdapters.Adapters.HttpWebResponseAdapter.IsMutuallyAuthenticated">
             <summary>
            Gets a <see cref="T:System.Boolean"></see> value that indicates whether mutual authentication occurred.
             </summary>
            
             <returns>
            true if both client and server were authenticated; otherwise, false.
             </returns>
            
        </member>
        <member name="P:HttpWebAdapters.Adapters.HttpWebResponseAdapter.ContentLength">
             <summary>
            When overridden in a descendant class, gets or sets the content length of data being received.
             </summary>
            
             <returns>
            The number of bytes returned from the Internet resource.
             </returns>
            
             <exception cref="T:System.NotSupportedException">Any attempt is made to get or set the property, when the property is not overridden in a descendant class. </exception><PermissionSet><IPermission class="System.Security.Permissions.SecurityPermission, mscorlib, Version=2.0.3600.0, Culture=neutral, PublicKeyToken=b77a5c561934e089" version="1" Flags="UnmanagedCode, ControlEvidence" /></PermissionSet>
        </member>
        <member name="P:HttpWebAdapters.Adapters.HttpWebResponseAdapter.ContentType">
             <summary>
            When overridden in a derived class, gets or sets the content type of the data being received.
             </summary>
            
             <returns>
            A string that contains the content type of the response.
             </returns>
            
             <exception cref="T:System.NotSupportedException">Any attempt is made to get or set the property, when the property is not overridden in a descendant class. </exception><PermissionSet><IPermission class="System.Security.Permissions.SecurityPermission, mscorlib, Version=2.0.3600.0, Culture=neutral, PublicKeyToken=b77a5c561934e089" version="1" Flags="UnmanagedCode, ControlEvidence" /></PermissionSet>
        </member>
        <member name="P:HttpWebAdapters.Adapters.HttpWebResponseAdapter.ResponseUri">
             <summary>
            When overridden in a derived class, gets the URI of the Internet resource that actually responded to the request.
             </summary>
            
             <returns>
            An instance of the <see cref="T:System.Uri"></see> class that contains the URI of the Internet resource that actually responded to the request.
             </returns>
            
             <exception cref="T:System.NotSupportedException">Any attempt is made to get or set the property, when the property is not overridden in a descendant class. </exception><PermissionSet><IPermission class="System.Security.Permissions.SecurityPermission, mscorlib, Version=2.0.3600.0, Culture=neutral, PublicKeyToken=b77a5c561934e089" version="1" Flags="UnmanagedCode, ControlEvidence" /></PermissionSet>
        </member>
        <member name="P:HttpWebAdapters.Adapters.HttpWebResponseAdapter.Headers">
             <summary>
            When overridden in a derived class, gets a collection of header name-value pairs associated with this request.
             </summary>
            
             <returns>
            An instance of the <see cref="T:System.Net.WebHeaderCollection"></see> class that contains header values associated with this response.
             </returns>
            
             <exception cref="T:System.NotSupportedException">Any attempt is made to get or set the property, when the property is not overridden in a descendant class. </exception><PermissionSet><IPermission class="System.Security.Permissions.SecurityPermission, mscorlib, Version=2.0.3600.0, Culture=neutral, PublicKeyToken=b77a5c561934e089" version="1" Flags="UnmanagedCode, ControlEvidence" /></PermissionSet>
        </member>
        <member name="M:HttpWebAdapters.WebResponseStub.GetResponseHeader(System.String)">
             <summary>
            Gets the contents of a header that was returned with the response.
             </summary>
            
             <returns>
            The contents of the specified header.
             </returns>
            
             <param name="headerName">The header value to return. </param>
             <exception cref="T:System.ObjectDisposedException">The current instance has been disposed. </exception>
        </member>
        <member name="P:HttpWebAdapters.WebResponseStub.Cookies">
             <summary>
            Gets or sets the cookies that are associated with this response.
             </summary>
            
             <returns>
            A <see cref="T:System.Net.CookieCollection"></see> that contains the cookies that are associated with this response.
             </returns>
            
             <exception cref="T:System.ObjectDisposedException">The current instance has been disposed. </exception>
        </member>
        <member name="P:HttpWebAdapters.WebResponseStub.ContentEncoding">
             <summary>
            Gets the method that is used to encode the body of the response.
             </summary>
            
             <returns>
            A string that describes the method that is used to encode the body of the response.
             </returns>
            
             <exception cref="T:System.ObjectDisposedException">The current instance has been disposed. </exception>
        </member>
        <member name="P:HttpWebAdapters.WebResponseStub.CharacterSet">
             <summary>
            Gets the character set of the response.
             </summary>
            
             <returns>
            A string that contains the character set of the response.
             </returns>
            
             <exception cref="T:System.ObjectDisposedException">The current instance has been disposed. </exception><PermissionSet><IPermission class="System.Security.Permissions.SecurityPermission, mscorlib, Version=2.0.3600.0, Culture=neutral, PublicKeyToken=b77a5c561934e089" version="1" Flags="UnmanagedCode" /></PermissionSet>
        </member>
        <member name="P:HttpWebAdapters.WebResponseStub.Server">
             <summary>
            Gets the name of the server that sent the response.
             </summary>
            
             <returns>
            A string that contains the name of the server that sent the response.
             </returns>
            
             <exception cref="T:System.ObjectDisposedException">The current instance has been disposed. </exception>
        </member>
        <member name="P:HttpWebAdapters.WebResponseStub.LastModified">
             <summary>
            Gets the last date and time that the contents of the response were modified.
             </summary>
            
             <returns>
            A <see cref="T:System.DateTime"></see> that contains the date and time that the contents of the response were modified.
             </returns>
            
             <exception cref="T:System.ObjectDisposedException">The current instance has been disposed. </exception><PermissionSet><IPermission class="System.Security.Permissions.SecurityPermission, mscorlib, Version=2.0.3600.0, Culture=neutral, PublicKeyToken=b77a5c561934e089" version="1" Flags="UnmanagedCode, ControlEvidence" /></PermissionSet>
        </member>
        <member name="P:HttpWebAdapters.WebResponseStub.StatusCode">
             <summary>
            Gets the status of the response.
             </summary>
            
             <returns>
            One of the <see cref="T:System.Net.HttpStatusCode"></see> values.
             </returns>
            
             <exception cref="T:System.ObjectDisposedException">The current instance has been disposed. </exception>
        </member>
        <member name="P:HttpWebAdapters.WebResponseStub.StatusDescription">
             <summary>
            Gets the status description returned with the response.
             </summary>
            
             <returns>
            A string that describes the status of the response.
             </returns>
            
             <exception cref="T:System.ObjectDisposedException">The current instance has been disposed. </exception>
        </member>
        <member name="P:HttpWebAdapters.WebResponseStub.ProtocolVersion">
             <summary>
            Gets the version of the HTTP protocol that is used in the response.
             </summary>
            
             <returns>
            A <see cref="T:System.Version"></see> that contains the HTTP protocol version of the response.
             </returns>
            
             <exception cref="T:System.ObjectDisposedException">The current instance has been disposed. </exception>
        </member>
        <member name="P:HttpWebAdapters.WebResponseStub.Method">
             <summary>
            Gets the method that is used to return the response.
             </summary>
            
             <returns>
            A string that contains the HTTP method that is used to return the response.
             </returns>
            
             <exception cref="T:System.ObjectDisposedException">The current instance has been disposed. </exception>
        </member>
    </members>
</doc>
